-- MySQL dump 10.13  Distrib 8.0.34, for Win64 (x86_64)
--
-- Host: localhost    Database: dragonball
-- ------------------------------------------------------
-- Server version	8.0.34

/*!40101 SET @OLD_CHARACTER_SET_CLIENT=@@CHARACTER_SET_CLIENT */;
/*!40101 SET @OLD_CHARACTER_SET_RESULTS=@@CHARACTER_SET_RESULTS */;
/*!40101 SET @OLD_COLLATION_CONNECTION=@@COLLATION_CONNECTION */;
/*!50503 SET NAMES utf8 */;
/*!40103 SET @OLD_TIME_ZONE=@@TIME_ZONE */;
/*!40103 SET TIME_ZONE='+00:00' */;
/*!40014 SET @OLD_UNIQUE_CHECKS=@@UNIQUE_CHECKS, UNIQUE_CHECKS=0 */;
/*!40014 SET @OLD_FOREIGN_KEY_CHECKS=@@FOREIGN_KEY_CHECKS, FOREIGN_KEY_CHECKS=0 */;
/*!40101 SET @OLD_SQL_MODE=@@SQL_MODE, SQL_MODE='NO_AUTO_VALUE_ON_ZERO' */;
/*!40111 SET @OLD_SQL_NOTES=@@SQL_NOTES, SQL_NOTES=0 */;

--
-- Table structure for table `characters`
--

DROP TABLE IF EXISTS `characters`;
/*!40101 SET @saved_cs_client     = @@character_set_client */;
/*!50503 SET character_set_client = utf8mb4 */;
CREATE TABLE `characters` (
  `id` int NOT NULL AUTO_INCREMENT,
  `name` varchar(255) NOT NULL,
  `image` varchar(255) NOT NULL,
  `originPlanetId` int DEFAULT NULL,
  `race` enum('Saiyan','Namekian','Human','Majin','Frieza Race','Jiren Race','Android','God','Angel','Evil','Unknown') NOT NULL,
  `gender` enum('Male','Female','Other','Unknown') NOT NULL,
  `affiliation` enum('Z Fighter','Red Ribbon Army','Namekian Warrior','Freelancer','Army of Frieza','Other','Pride Troopers','Assistant of Vermoud','Assistant of Beerus') NOT NULL,
  `description` text NOT NULL,
  `deletedAt` datetime(6) DEFAULT NULL,
  `age` varchar(255) NOT NULL,
  `maxKi` varchar(255) NOT NULL,
  PRIMARY KEY (`id`),
  UNIQUE KEY `IDX_86a2bcc85e3473ecf3693dfe5a` (`name`),
  KEY `FK_f405e481bb6e17e788baf8b093a` (`originPlanetId`),
  CONSTRAINT `FK_f405e481bb6e17e788baf8b093a` FOREIGN KEY (`originPlanetId`) REFERENCES `planets` (`id`)
) ENGINE=InnoDB AUTO_INCREMENT=69 DEFAULT CHARSET=utf8mb4 COLLATE=utf8mb4_0900_ai_ci;
/*!40101 SET character_set_client = @saved_cs_client */;

--
-- Dumping data for table `characters`
--

LOCK TABLES `characters` WRITE;
/*!40000 ALTER TABLE `characters` DISABLE KEYS */;
INSERT INTO `characters` VALUES (1,'Goku','https://res.cloudinary.com/dgtgbyo76/image/upload/v1699044374/hlpy6q013uw3itl5jzic.webp',2,'Saiyan','Male','Z Fighter','El protagonista de la serie, conocido por su gran poder y personalidad amigable.',NULL,'36',''),(2,'Vegeta','https://res.cloudinary.com/dgtgbyo76/image/upload/v1699044422/i9hpfjplth6gjudvhsx3.webp',3,'Saiyan','Male','Z Fighter','Príncipe de los Saiyans, inicialmente un villano, pero luego se une a los Z Fighters.',NULL,'48',''),(3,'Piccolo','https://res.cloudinary.com/dgtgbyo76/image/upload/v1699044481/u9fhpc9smihu2kud3cuc.webp',2,'Namekian','Male','Z Fighter','Un Namekian guerrero y protector de la Tierra.',NULL,'27',''),(4,'Bulma','https://res.cloudinary.com/dgtgbyo76/image/upload/v1699044496/bifhe9qarbrgvm0tsiru.webp',2,'Human','Female','Z Fighter','Genio científico y amiga de Goku.',NULL,'50',''),(5,'Freezer','https://res.cloudinary.com/dgtgbyo76/image/upload/v1699044513/ux3n5u0tjdvysjao4w8s.webp',1,'Frieza Race','Male','Army of Frieza','Freezer es el tirano espacial y el principal antagonista de la saga de Freezer.',NULL,'Unknown',''),(6,'Zarbon','https://res.cloudinary.com/dgtgbyo76/image/upload/v1699044531/jcdgte2shoaj2jh0ruob.webp',1,'Frieza Race','Male','Army of Frieza','Zarbon es uno de los secuaces de Freezer y un luchador poderoso.',NULL,'Unknown',''),(7,'Dodoria','https://res.cloudinary.com/dgtgbyo76/image/upload/v1699044548/m2mixyphepp8qwcigb3g.webp',1,'Frieza Race','Male','Army of Frieza','Dodoria es otro secuaz de Freezer conocido por su brutalidad.',NULL,'Unknown',''),(8,'Ginyu Force','https://res.cloudinary.com/dgtgbyo76/image/upload/v1699044560/fpn8kffokqllprcttqlw.webp',1,'Frieza Race','Male','Army of Frieza','La Ginyu Force es un equipo de élite de mercenarios que trabaja para Freezer.',NULL,'Unknown',''),(9,'Celula','https://res.cloudinary.com/dgtgbyo76/image/upload/v1699044573/mz09ghskyzf0skprredi.webp',1,'Android','Male','Freelancer','Creado a partir de células de guerreros poderosos.',NULL,'Unknown',''),(10,'Gohan','https://res.cloudinary.com/dgtgbyo76/image/upload/v1699044627/kigekwjt2m8nwopgvabv.webp',2,'Saiyan','Male','Z Fighter','Hijo de Goku, un poderoso luchador.',NULL,'18',''),(11,'Krillin','https://res.cloudinary.com/dgtgbyo76/image/upload/v1699046768/ay2b4ps6xc5i4uhcxoio.webp',2,'Human','Male','Z Fighter','Amigo cercano de Goku y guerrero valiente.',NULL,'42',''),(12,'Tenshinhan','https://res.cloudinary.com/dgtgbyo76/image/upload/v1699046784/umcprk7ugb5q8cb9uhrh.webp',2,'Human','Male','Z Fighter','Maestro de las artes marciales y miembro de los Z Fighters.',NULL,'33',''),(13,'Yamcha','https://res.cloudinary.com/dgtgbyo76/image/upload/v1699047468/euprvykftdyup1uw6z4p.webp',2,'Human','Male','Z Fighter','Luchador que solía ser un bandido del desierto.',NULL,'28',''),(14,'Chi-Chi','https://res.cloudinary.com/dgtgbyo76/image/upload/v1699046815/rizrttygnvfwv4gntrkw.webp',2,'Human','Female','Z Fighter','Esposa de Goku y madre de Gohan.',NULL,'46',''),(15,'Gotenks','https://res.cloudinary.com/dgtgbyo76/image/upload/v1699046837/sfc007ookoxjac1j0mkl.webp',2,'Saiyan','Male','Z Fighter',' Gotenks también conocido inicialmente como Gotrunk en el doblaje al español de España, es el resultado de la Danza de la Fusión llevada a cabo correctamente por Goten y Trunks.',NULL,'17',''),(16,'Trunks','https://res.cloudinary.com/dgtgbyo76/image/upload/v1699046959/qmzg7t9u7nhmsqlpt83o.webp',2,'Saiyan','Male','Z Fighter','Hijo de Vegeta y Bulma.',NULL,'18',''),(17,'Master Roshi','https://res.cloudinary.com/dgtgbyo76/image/upload/v1699046999/smcckhzeoa806ovrciti.webp',2,'Human','Male','Z Fighter','Maestro de artes marciales y mentor de Goku.',NULL,'354',''),(18,'Bardock','https://res.cloudinary.com/dgtgbyo76/image/upload/v1699047021/yspsolmpraytim3uph9j.webp',3,'Saiyan','Male','Z Fighter','Padre de Goku y un guerrero Saiyan.',NULL,'10.000',''),(19,'Launch','https://res.cloudinary.com/dgtgbyo76/image/upload/v1699047046/jof8lbpjtggkbwiztiu0.webp',2,'Human','Female','Z Fighter','Personaje que sufre cambios de personalidad al estornudar.',NULL,'25',''),(20,'Mr. Satan','https://res.cloudinary.com/dgtgbyo76/image/upload/v1699047062/hp8536vd6pjafynvopoz.webp',2,'Human','Male','Other','Luchador humano famoso por llevarse el mérito de las victorias de los Guerreros Z.',NULL,'45',''),(21,'Dende','https://res.cloudinary.com/dgtgbyo76/image/upload/v1699047073/phdwjknztjgnq4qzeqzx.webp',1,'Namekian','Male','Z Fighter','Sucesor de Piccolo como el nuevo Namekian protector de la Tierra.',NULL,'15',''),(22,'Android 17','https://res.cloudinary.com/dgtgbyo76/image/upload/v1699047086/vlinvxruepvmcovinyta.webp',2,'Android','Male','Other','Android 17 es un poderoso androide que participa en el Torneo de Cell.',NULL,'Unknown',''),(23,'Android 16','https://res.cloudinary.com/dgtgbyo76/image/upload/v1699047111/swhio6vbgpe6lwzrklr8.webp',2,'Android','Male','Other','Android 16 es un androide gigante conocido por su amor a la naturaleza y la vida.',NULL,'Unknown',''),(24,'Android 19','https://res.cloudinary.com/dgtgbyo76/image/upload/v1699047395/yllazoe5ewir8murqusz.webp',2,'Android','Male','','Android 19 es uno de los androides creados por el Dr. Gero.',NULL,'Unknown',''),(25,'Android 20 (Dr. Gero)','https://res.cloudinary.com/dgtgbyo76/image/upload/v1699047433/qk0k8x3hyrhtvsica4gc.webp',2,'Android','Male','','Dr. Gero es el científico loco que creó a los androides 17, 18 y 19.',NULL,'Unknown',''),(26,'Android 13','https://res.cloudinary.com/dgtgbyo76/image/upload/v1699047480/tzkzeszlx2akrxkemmbi.webp',2,'Android','Male','Other','Android 13 es un androide peligroso que aparece en la película \"El Regreso de Cooler\".',NULL,'Unknown',''),(27,'Android 14','https://res.cloudinary.com/dgtgbyo76/image/upload/v1699047499/kjid2pwoh77rumwybtbj.webp',2,'Android','Male','Other','Android 14 es otro androide que aparece en la misma película que Android 13.',NULL,'Unknown',''),(28,'Android 15','https://res.cloudinary.com/dgtgbyo76/image/upload/v1699047513/ebkm7jrdrqcynnvyymlx.webp',2,'Android','Male','Other','Android 15 es otro androide que aparece en la misma película que Android 13.',NULL,'Unknown',''),(29,'Nail','https://res.cloudinary.com/dgtgbyo76/image/upload/v1699047533/cdj6qbbm1lj9u6c2jj3z.webp',1,'Namekian','Male','Z Fighter','Namekian guerrero que se fusionó con Piccolo para aumentar su poder.',NULL,'Unknown',''),(30,'Raditz','https://res.cloudinary.com/dgtgbyo76/image/upload/v1699047547/sf7exd6mqkygybrxhycu.webp',3,'Saiyan','Male','Other','Hermano mayor de Goku y villano.',NULL,'Unknown',''),(31,'Babidi','https://res.cloudinary.com/dgtgbyo76/image/upload/v1699047579/vcrjfu9l893egxfmjvbe.webp',1,'Majin','Male','Other','Mago malvado que controla a Majin Buu.',NULL,'Unknown',''),(32,'Majin Buu','https://res.cloudinary.com/dgtgbyo76/image/upload/v1699047587/k7etji7ygsfujctowfwl.webp',1,'Majin','Male','Other','Antiguo villano y poderoso ser destruyente y regenerativo.',NULL,'Unknown',''),(33,'Beerus','https://res.cloudinary.com/dgtgbyo76/image/upload/v1699047606/pddxkrnjag1vkoaudmf6.webp',19,'God','Male','Other','Beerus es el Dios de la Destrucción del Universo 7.',NULL,'Unknown','12 Septillion'),(34,'Whis','https://res.cloudinary.com/dgtgbyo76/image/upload/v1699047619/gffvgpfxwwqklot41xlh.webp',19,'Angel','Male','Assistant of Beerus','Whis es el ángel que sirve al Dios de la Destrucción Beerus.',NULL,'Unknown',''),(35,'Zeno','https://res.cloudinary.com/dgtgbyo76/image/upload/v1699047629/bmikekmvwebqlebcr1e2.webp',1,'Unknown','Male','Other','Zeno es el ser supremo del multiverso y tiene un poder abrumador.',NULL,'Unknown',''),(36,'Supremo Kaio-Sama','https://res.cloudinary.com/dgtgbyo76/image/upload/v1699047833/naybsj8l1qnsls34v9in.webp',1,'God','Male','Other','El Supremo Kaiosama del Este (東の界王神 Higashi no Kaiō-shin), es uno de los Supremos Kaio-Sama, los dioses de la creación que se encargan de proteger todo el universo de amenazas supremas.',NULL,'Unknown',''),(37,'Kibito-Shin','https://res.cloudinary.com/dgtgbyo76/image/upload/v1699047987/lj6goh5wc1hgchhk1h0x.webp',1,'God','Male','Other','es la fusión entre Shin y Kibito. Ellos fueron unidos permanentemente mediante el uso de los míticos pendientes Pothala. Está actualmente separado gracias a un deseo concedido por las Esferas del Dragón namekianas.',NULL,'Unknown',''),(38,'Jiren','https://res.cloudinary.com/dgtgbyo76/image/upload/v1699048004/uvqld9szltsfkxht9sma.webp',1,'Jiren Race','Male','Pride Troopers','Jiren es un poderoso luchador del Universo 11 y uno de los oponentes más formidables en el torneo.',NULL,'Unknown',''),(39,'Toppo','https://res.cloudinary.com/dgtgbyo76/image/upload/v1699048019/pnflznxqbx9ix2aei4pn.webp',1,'God','Male','Pride Troopers','Toppo es otro guerrero del Universo 11 que participa en el torneo.',NULL,'Unknown',''),(40,'Dyspo','https://res.cloudinary.com/dgtgbyo76/image/upload/v1699048034/kquxnkdxfkmnzkw0kiku.webp',1,'God','Male','Pride Troopers','Dyspo es un miembro del equipo del Universo 11 conocido por su velocidad.',NULL,'Unknown',''),(42,'Marcarita ','https://res.cloudinary.com/dgtgbyo76/image/upload/v1699048057/x2mldjzrnvwymvpavmud.webp',1,'Angel','Female','Assistant of Vermoud','Marcarita es el Ángel del Universo 11 y guía de Toppo.',NULL,'Unknown',''),(43,'Vermoudh','https://res.cloudinary.com/dgtgbyo76/image/upload/v1699048136/woen6ahkou5lq2xbqwub.webp',1,'God','Male','Pride Troopers','es el individuo que actualmente ostenta el cargo de Dios de la Destrucción en el Universo 11, puesto que obtuvo tras abandonar su membresía como Soldado del Orgullo dentro de las Tropas del Orgullo.',NULL,'Unknown',''),(44,'Grand Priest ','https://res.cloudinary.com/dgtgbyo76/image/upload/v1699048159/dnboockub6crwuohjpxd.webp',1,'Angel','Male','Other','El Gran Sacerdote es el supervisor del torneo y uno de los seres más poderosos. Gran Ministro de los Omni-Reyes , es un ángel que actúa como asesor cercano y figura guía de Zenón y del Futuro Zenón . De vez en cuando hace cumplir los Decretos Divinos de los Zenos y da la bienvenida a los invitados a su palacio . El Gran Ministro es también padre de trece Ángeles, de los cuales doce sirven a los Dioses de la Destrucción . Por su posición y poder, es quizás el segundo ser más fuerte del Multiverso .',NULL,'Unknown',''),(63,'Kaito','https://res.cloudinary.com/dgtgbyo76/image/upload/v1699048176/auwbxy8hoqswzbjorbiz.webp',1,'God','Male','Other','Se trata del dios encargado de administrar las Galaxias del Norte, el cuadrante boreal del Universo 7 y supervisar a los dioses de los planetas de dicho sector (como es el caso de Kami en la Tierra)',NULL,'unknown','unknown'),(64,'Android 18','https://res.cloudinary.com/dgtgbyo76/image/upload/v1699048190/hh933ct0csyx2qtiuwsx.webp',1,'Android','Female','Z Fighter','Es la hermana melliza del Androide Número 17 y una \"androide\" creada a partir de una base humana por el Dr. Gero con el único fin de destruir a Goku.',NULL,'unknown','unknown'),(65,'Gogeta','https://res.cloudinary.com/dgtgbyo76/image/upload/v1699119614/libzmur95hr16pjahjav.png',2,'Saiyan','Male','Z Fighter','Gogeta es la fusión resultante de Son Goku y Vegeta, cuando realizan la Danza de la Fusión correctamente para enfrentarse a Broly. Su voz es una voz dual que contiene las voces de Goku y Vegeta. Junto con el poder todopoderoso de los dos, con la astucia y perspicacia de Vegeta, y la habilidad pródiga de las artes marciales de Goku, es uno de los guerreros más temibles para desafiar a una pelea.',NULL,'unknown','1.26 octillion'),(66,'Vegetto','https://res.cloudinary.com/dgtgbyo76/image/upload/v1699120023/yz5qypdh6boeqjhua5fo.webp',2,'Saiyan','Male','Z Fighter','Vegetto es el personaje más fuerte dentro del manga original y uno de los personajes más poderosos de toda la serie en general. Su poder es el resultado del máximo poder combinado de Goku y Vegeta, multiplicado varias veces su fuerza, siendo una de las fusiones más poderosas dentro de la franquicia.',NULL,'unknown','10.8 Septillion'),(67,'Janemba','https://res.cloudinary.com/dgtgbyo76/image/upload/v1699120840/rntwfwfbwbd6te4f5oo9.webp',18,'Evil','Male','Other','Janemba es un demonio de pura maldad y gran poder maligno. Creado a partir de las acciones de un adolescente ogro llamado Psyche Oni, quien era el responsable de vigilar la máquina purificadora de almas, la cual explota como consecuencia de la falta de cuidado del ogro, las almas malignas terminan por usar como huésped su cuerpo, creando así a este demonio.',NULL,'unknown','75 Billion'),(68,'Broly','https://res.cloudinary.com/dgtgbyo76/image/upload/v1699121769/a4mz6kxcyvarieryehlq.webp',3,'Saiyan','Male','Other','Broly es un Saiyajin que posee un poder gigantesco e incontrolable, el cual se manifiesta en toda su magnitud cuando se convierte en el Super Saiyajin Legendario. Incluso cuando apenas era un bebé su nivel de poder alcanzaba cifras inmensas que provocaban asombro y preocupación entre los de su raza',NULL,'unknown','11.2 Septillion');
/*!40000 ALTER TABLE `characters` ENABLE KEYS */;
UNLOCK TABLES;

--
-- Table structure for table `planets`
--

DROP TABLE IF EXISTS `planets`;
/*!40101 SET @saved_cs_client     = @@character_set_client */;
/*!50503 SET character_set_client = utf8mb4 */;
CREATE TABLE `planets` (
  `id` int NOT NULL AUTO_INCREMENT,
  `name` varchar(255) NOT NULL,
  `image` varchar(255) NOT NULL,
  `isDestroyed` tinyint NOT NULL,
  `description` text NOT NULL,
  `deletedAt` datetime(6) DEFAULT NULL,
  PRIMARY KEY (`id`),
  UNIQUE KEY `IDX_70a170f032a2ca04a6ec6eb2d9` (`name`)
) ENGINE=InnoDB AUTO_INCREMENT=20 DEFAULT CHARSET=utf8mb4 COLLATE=utf8mb4_0900_ai_ci;
/*!40101 SET character_set_client = @saved_cs_client */;

--
-- Dumping data for table `planets`
--

LOCK TABLES `planets` WRITE;
/*!40000 ALTER TABLE `planets` DISABLE KEYS */;
INSERT INTO `planets` VALUES (1,'Namek','imagen_namek.jpg',0,'Planeta natal de los Namekianos. Escenario de importantes batallas y la obtención de las Dragon Balls de Namek.',NULL),(2,'Tierra','imagen_tierra.jpg',0,'El hogar de los terrícolas y los Guerreros Z. Ha sido atacado en varias ocasiones por enemigos poderosos.',NULL),(3,'Vegeta','imagen_vegeta.jpg',1,'Planeta natal de los Saiyans, destruido por Freezer. Anteriormente conocido como Planeta Plant.',NULL),(4,'Freezer No. 79','imagen_planeta_freezer.jpg',1,'Planeta artificial utilizado por Freezer como base de operaciones y centro de clonación.',NULL),(5,'Kanassa','imagen_kanassa.jpg',1,'Planeta habitado por los Kanassans y conocido por la lucha entre Bardock y los habitantes del planeta.',NULL),(6,'Monmar','imagen_monmar.jpg',0,'Planeta donde Gohan y Krillin encontraron las Dragon Balls para revivir a sus amigos durante la Saga de Namek.',NULL),(7,'Yardrat','imagen_yardrat.jpg',0,'Planeta de la técnica Instant Transmission, aprendida por Goku durante su estancia.',NULL),(8,'Namek Explorado','imagen_namek_explorado.jpg',0,'Otro planeta Namek que se exploró en busca de Dragon Balls adicionales durante la Saga de Namek.',NULL),(9,'Mogo Mogo','imagen_mogo_mogo.jpg',0,'Planeta donde Goku se enfrentó a Pikkon en el Otro Mundo.',NULL),(10,'Yardrat Secundario','imagen_yardrat_secundario.jpg',0,'Otro planeta Yardrat mencionado en la serie.',NULL),(11,'Kaiō del Norte','imagen_planeta_kai.jpg',0,'Planeta sagrado donde reside el Kaio del Norte.',NULL),(12,'Gran Kaio','imagen_planeta_gran_kai.jpg',0,'Planeta donde reside el Gran Kaio, maestro del Kaio del Norte.',NULL),(13,'Makyo','imagen_planeta_makyo.jpg',0,'Planeta donde se encuentra la Gran Estrella Malvada y Garlic Jr.',NULL),(14,'Babari','imagen_planeta_babari.jpg',0,'Planeta habitado por los Babari, donde Tarble, el hermano de Vegeta, se refugió.',NULL),(15,'Tsufur','imagen_planeta_tsufur.jpg',0,'Planeta natal de los Tsufur, la raza a la que pertenecía el Dr. Raichi.',NULL),(16,'desconocido','imagen.desconocida',0,'Sin informacion',NULL),(17,'Kaishin','imagen_planeta_kaishin.jpg',0,'El planeta de los Kaioshin, los dioses protectores del Universo.',NULL),(18,'Otro Mundo','martes.jpg',0,'El Otro Mundo en contraparte al Mundo de los vivos, es, en Dragon Ball, la versión del mundo de los muertos. Es donde los personajes van cuando mueren, y también donde residen las deidades superiores del universo. En el episodio 53 del anime, el Otro Mundo fue descrito como \"la dimensión siguiente\", y el acto de desear traer a la vida a una persona muerta con las Esferas del Dragón se llama \"traer (a ellos) a esta dimensión.',NULL),(19,'Planeta de Beerus','a',0,'Planeta de Beerus, un cuerpo celeste ubicado dentro del mundo de los vivos del Universo 7, el cual aparece por primera vez en la película Dragon Ball Z: La Batalla de los Dioses.',NULL);
/*!40000 ALTER TABLE `planets` ENABLE KEYS */;
UNLOCK TABLES;

--
-- Table structure for table `transformations`
--

DROP TABLE IF EXISTS `transformations`;
/*!40101 SET @saved_cs_client     = @@character_set_client */;
/*!50503 SET character_set_client = utf8mb4 */;
CREATE TABLE `transformations` (
  `id` int NOT NULL AUTO_INCREMENT,
  `name` varchar(255) NOT NULL,
  `image` varchar(255) NOT NULL,
  `characterId` int DEFAULT NULL,
  `deletedAt` datetime(6) DEFAULT NULL,
  `ki` varchar(255) NOT NULL,
  PRIMARY KEY (`id`),
  KEY `FK_068112b73febc41f6659e2386f1` (`characterId`),
  CONSTRAINT `FK_068112b73febc41f6659e2386f1` FOREIGN KEY (`characterId`) REFERENCES `characters` (`id`)
) ENGINE=InnoDB AUTO_INCREMENT=44 DEFAULT CHARSET=utf8mb4 COLLATE=utf8mb4_0900_ai_ci;
/*!40101 SET character_set_client = @saved_cs_client */;

--
-- Dumping data for table `transformations`
--

LOCK TABLES `transformations` WRITE;
/*!40000 ALTER TABLE `transformations` DISABLE KEYS */;
INSERT INTO `transformations` VALUES (1,'Goku SSJ','https://res.cloudinary.com/dgtgbyo76/image/upload/v1699050838/x8vdjitiaygwbrbh3ps9.png',1,NULL,''),(2,'Goklu SSJ2','https://res.cloudinary.com/dgtgbyo76/image/upload/v1699050861/b4engvubliyprwpgdzns.png',1,NULL,''),(3,'Goku SSJ3','https://res.cloudinary.com/dgtgbyo76/image/upload/v1699050875/kw8mf7q101rjjiir387d.png',1,NULL,''),(4,'Goku SSJ4','https://res.cloudinary.com/dgtgbyo76/image/upload/v1699050888/iugojj27qfragm7rgum4.jpg',1,NULL,''),(5,'Goku SSJB','https://res.cloudinary.com/dgtgbyo76/image/upload/v1699050898/wfqyp1lornq8rpavfx04.png',1,NULL,''),(7,'Vegeta SSJ','https://res.cloudinary.com/dgtgbyo76/image/upload/v1699102175/dnbpmmovwjguohzx01lg.png',2,NULL,'330.000.000'),(8,'Vegeta SSJ2','https://res.cloudinary.com/dgtgbyo76/image/upload/v1699102306/n3fixdteu9txlu3dddmc.png',2,NULL,'24.000.000.000'),(9,'Vegeta SSJ4','https://res.cloudinary.com/dgtgbyo76/image/upload/v1699102363/cclvpjmuotw54t63xzgb.png',2,NULL,'1.000.000.000.000 '),(10,'Vegeta SSJB','https://res.cloudinary.com/dgtgbyo76/image/upload/v1699102458/ran2samfpy6eerykx7xb.png',2,NULL,'9 Quintillion'),(11,'Vegeta Mega Instinc Evil','https://res.cloudinary.com/dgtgbyo76/image/upload/v1699102556/tccogsakz8uwwpwz0otm.png',2,NULL,'unknown'),(12,'Piccolo Super Namekian','https://res.cloudinary.com/dgtgbyo76/image/upload/v1699103067/yaqh8ucsnimqpcfvxxih.webp',3,NULL,'unknown'),(13,'Piccolo Orange','https://res.cloudinary.com/dgtgbyo76/image/upload/v1699103138/hjgmzwrquikst59vgl1h.png',3,NULL,'unknown'),(14,'Freezer 2nd Form','https://res.cloudinary.com/dgtgbyo76/image/upload/v1699103384/nmxb4cjfjo5rfosxkxji.png',5,NULL,'1.060.000'),(15,'Freezer 3rd Form','https://res.cloudinary.com/dgtgbyo76/image/upload/v1699103453/ff7gj92uqoaeixpcen5d.webp',5,NULL,'2.120.000'),(16,'Freezer Perfect Form','https://res.cloudinary.com/dgtgbyo76/image/upload/v1699103535/ml30m64bnrbvfrsd0ulo.png',5,NULL,'60.000.000'),(17,'Freezer Perfect Form (Golden)','https://res.cloudinary.com/dgtgbyo76/image/upload/v1699103644/lqyq2xsuxlw635ez09tr.png',5,NULL,'unknown'),(18,'Zarbon Monster','https://res.cloudinary.com/dgtgbyo76/image/upload/v1699115148/yqjsplbbeb2bq30cprbf.png',6,NULL,'30.000'),(19,'Imperfect Form','https://res.cloudinary.com/dgtgbyo76/image/upload/v1699115356/hdx9lnwyh1uoiohwzrye.png',9,NULL,'370.000.000'),(20,'Semi Perfect Form','https://res.cloudinary.com/dgtgbyo76/image/upload/v1699115417/ejtkaedhxk0tlxbvkwfa.webp',9,NULL,'897.000.000'),(21,'Super Perfect Form','https://res.cloudinary.com/dgtgbyo76/image/upload/v1699115577/amtizmras2gdswzw4pa6.png',9,NULL,'10.970.000.000'),(22,'Gohan SSJ','https://res.cloudinary.com/dgtgbyo76/image/upload/v1699115821/tqbqt5vqj30ce1ooiqsi.png',10,NULL,'4.700.000.000'),(23,'Gohan SSJ2','https://res.cloudinary.com/dgtgbyo76/image/upload/v1699115857/rllf9puo39dhhcxhh9e7.webp',10,NULL,'10.200.000.000'),(24,'Gohan Ultimate','https://res.cloudinary.com/dgtgbyo76/image/upload/v1699116154/zqcs85a5magvi9cjsvm6.webp',10,NULL,'43.000.000.000'),(25,'Gohan Beast','https://res.cloudinary.com/dgtgbyo76/image/upload/v1699116269/thotogohux1vogilpyas.png',10,NULL,'unknown'),(26,'Trunks SSJ','https://res.cloudinary.com/dgtgbyo76/image/upload/v1699116809/ar639rlkzcqjmnlvmrq7.png',16,NULL,'905.000.000'),(27,'Trunks SSJ2','https://res.cloudinary.com/dgtgbyo76/image/upload/v1699116921/hbt3qrbu86zactkkfgm3.jpg',16,NULL,'18.000.000.000'),(28,'Trunks SSJ3','https://res.cloudinary.com/dgtgbyo76/image/upload/v1699117200/yswhfez5fdbteuyvghds.webp',16,NULL,'1.25 Billion'),(29,'Trunks Rage','https://res.cloudinary.com/dgtgbyo76/image/upload/v1699117449/pj6jix0qmbffmammeedo.png',16,NULL,'17.5 Quintillion '),(30,'Gotenks SSJ','https://res.cloudinary.com/dgtgbyo76/image/upload/v1699117748/ejdwijlhlfc8mhvb0fpn.png',15,NULL,'5.7 Billion'),(31,'Gotenks SSJ3','https://res.cloudinary.com/dgtgbyo76/image/upload/v1699117802/iasvpxc7urinhfwriwfn.webp',15,NULL,'45.6 Billion'),(32,'Super Buu','https://res.cloudinary.com/dgtgbyo76/image/upload/v1699118823/dis9ipwwvohtfmy1peyu.webp',32,NULL,'5.670.000.000'),(33,'Majin Buu (Gotenks)','https://res.cloudinary.com/dgtgbyo76/image/upload/v1699118971/pimtawxtqt8wtml5t8wk.png',32,NULL,'12.300.000.000'),(34,'Majin Buu (Gohan)','https://res.cloudinary.com/dgtgbyo76/image/upload/v1699119043/ajvq0rfmeqh5fstmmq2q.webp',32,NULL,'14.800.000.000'),(35,'Majin Buu (Pure)','https://res.cloudinary.com/dgtgbyo76/image/upload/v1699119236/tqbwgmghi4ir47xltk3z.png',32,NULL,'4.000.000.000'),(36,'Gogeta SSJ','https://res.cloudinary.com/dgtgbyo76/image/upload/v1699119709/mevkuuaqnbwrm1beiorc.png',65,NULL,'6.3 sextillion'),(37,'Gogeta SSJ4','https://res.cloudinary.com/dgtgbyo76/image/upload/v1699119779/c6owx20373wbh3q9dynw.png',65,NULL,'168 quadrillion'),(38,'Gogeta SSJB','https://res.cloudinary.com/dgtgbyo76/image/upload/v1699119800/i4bebw9a4pw3yzk1rrmc.png',65,NULL,'12.6 septillion'),(39,'Gogeta SSJB Evolved','https://res.cloudinary.com/dgtgbyo76/image/upload/v1699119863/nc1bhpdpzspbd8yxnt97.png',65,NULL,'1.26 octillion'),(40,'Vegetto SSJ','https://res.cloudinary.com/dgtgbyo76/image/upload/v1699120073/wjpgltaxk350sl3lnxct.png',66,NULL,'9 Trillion'),(41,'Vegetto SSJB','https://res.cloudinary.com/dgtgbyo76/image/upload/v1699120135/z0gbiyenfmdemzf1vvxv.png',66,NULL,'10.8 Septillion'),(42,'Super Janemba','https://res.cloudinary.com/dgtgbyo76/image/upload/v1699120959/bo6n1qvcc1tzq2jyzyhq.webp',67,NULL,'75 Billion'),(43,'Broly SSJ Legendary','https://res.cloudinary.com/dgtgbyo76/image/upload/v1699121913/bwa20djt8ekpcydxm6lf.webp',68,NULL,'11.2 Septillion');
/*!40000 ALTER TABLE `transformations` ENABLE KEYS */;
UNLOCK TABLES;
/*!40103 SET TIME_ZONE=@OLD_TIME_ZONE */;

/*!40101 SET SQL_MODE=@OLD_SQL_MODE */;
/*!40014 SET FOREIGN_KEY_CHECKS=@OLD_FOREIGN_KEY_CHECKS */;
/*!40014 SET UNIQUE_CHECKS=@OLD_UNIQUE_CHECKS */;
/*!40101 SET CHARACTER_SET_CLIENT=@OLD_CHARACTER_SET_CLIENT */;
/*!40101 SET CHARACTER_SET_RESULTS=@OLD_CHARACTER_SET_RESULTS */;
/*!40101 SET COLLATION_CONNECTION=@OLD_COLLATION_CONNECTION */;
/*!40111 SET SQL_NOTES=@OLD_SQL_NOTES */;

-- Dump completed on 2023-11-04 19:20:26
