-- MySQL dump 10.13  Distrib 8.0.34, for Win64 (x86_64)
--
-- Host: localhost    Database: dragonball
-- ------------------------------------------------------
-- Server version	8.0.34

/*!40101 SET @OLD_CHARACTER_SET_CLIENT=@@CHARACTER_SET_CLIENT */;
/*!40101 SET @OLD_CHARACTER_SET_RESULTS=@@CHARACTER_SET_RESULTS */;
/*!40101 SET @OLD_COLLATION_CONNECTION=@@COLLATION_CONNECTION */;
/*!50503 SET NAMES utf8 */;
/*!40103 SET @OLD_TIME_ZONE=@@TIME_ZONE */;
/*!40103 SET TIME_ZONE='+00:00' */;
/*!40014 SET @OLD_UNIQUE_CHECKS=@@UNIQUE_CHECKS, UNIQUE_CHECKS=0 */;
/*!40014 SET @OLD_FOREIGN_KEY_CHECKS=@@FOREIGN_KEY_CHECKS, FOREIGN_KEY_CHECKS=0 */;
/*!40101 SET @OLD_SQL_MODE=@@SQL_MODE, SQL_MODE='NO_AUTO_VALUE_ON_ZERO' */;
/*!40111 SET @OLD_SQL_NOTES=@@SQL_NOTES, SQL_NOTES=0 */;

--
-- Table structure for table `characters`
--

DROP TABLE IF EXISTS `characters`;
/*!40101 SET @saved_cs_client     = @@character_set_client */;
/*!50503 SET character_set_client = utf8mb4 */;
CREATE TABLE `characters` (
  `id` int NOT NULL AUTO_INCREMENT,
  `name` varchar(255) NOT NULL,
  `image` varchar(255) NOT NULL,
  `ki` varchar(255) NOT NULL,
  `maxKi` varchar(255) NOT NULL,
  `race` enum('Saiyan','Namekian','Human','Majin','Frieza Race','Jiren Race','Android','God','Angel','Evil','Unknown','Nucleico benigno','Nucleico') NOT NULL,
  `gender` enum('Male','Female','Other','Unknown') NOT NULL,
  `affiliation` enum('Z Fighter','Red Ribbon Army','Namekian Warrior','Freelancer','Army of Frieza','Other','Pride Troopers','Assistant of Vermoud','Assistant of Beerus','Villain') NOT NULL,
  `description` text NOT NULL,
  `originPlanetId` int DEFAULT NULL,
  `deletedAt` datetime(6) DEFAULT NULL,
  PRIMARY KEY (`id`),
  UNIQUE KEY `IDX_86a2bcc85e3473ecf3693dfe5a` (`name`),
  KEY `FK_f405e481bb6e17e788baf8b093a` (`originPlanetId`),
  CONSTRAINT `FK_f405e481bb6e17e788baf8b093a` FOREIGN KEY (`originPlanetId`) REFERENCES `planets` (`id`)
) ENGINE=InnoDB AUTO_INCREMENT=79 DEFAULT CHARSET=utf8mb4 COLLATE=utf8mb4_0900_ai_ci;
/*!40101 SET character_set_client = @saved_cs_client */;

--
-- Dumping data for table `characters`
--

LOCK TABLES `characters` WRITE;
/*!40000 ALTER TABLE `characters` DISABLE KEYS */;
INSERT INTO `characters` VALUES (1,'Goku','https://res.cloudinary.com/dgtgbyo76/image/upload/v1699044374/hlpy6q013uw3itl5jzic.webp','60.000.000','90 Septillion','Saiyan','Male','Z Fighter','El protagonista de la serie, conocido por su gran poder y personalidad amigable. Originalmente enviado a la Tierra como un infante volador con la misión de conquistarla. Sin embargo, el caer por un barranco le proporcionó un brutal golpe que si bien casi lo mata, este alteró su memoria y anuló todos los instintos violentos de su especie, lo que lo hizo crecer con un corazón puro y bondadoso, pero conservando todos los poderes de su raza. No obstante, en la nueva continuidad de Dragon Ball se establece que él fue enviado por sus padres a la Tierra con el objetivo de sobrevivir a toda costa a la destrucción de su planeta por parte de Freeza. Más tarde, Kakarot, ahora conocido como Son Goku, se convertiría en el príncipe consorte del monte Fry-pan y líder de los Guerreros Z, así como el mayor defensor de la Tierra y del Universo 7, logrando mantenerlos a salvo de la destrucción en innumerables ocasiones, a pesar de no considerarse a sí mismo como un héroe o salvador.',2,NULL),(2,'Vegeta','https://res.cloudinary.com/dgtgbyo76/image/upload/v1699044422/i9hpfjplth6gjudvhsx3.webp','54.000.000','19.84 Septillion','Saiyan','Male','Z Fighter','Príncipe de los Saiyans, inicialmente un villano, pero luego se une a los Z Fighters. A pesar de que a inicios de Dragon Ball Z, Vegeta cumple un papel antagónico, poco después decide rebelarse ante el Imperio de Freeza, volviéndose un aliado clave para los Guerreros Z. Con el paso del tiempo llegaría a cambiar su manera de ser, optando por permanecer y vivir en la Tierra para luchar a su lado contra las inminentes adversidades que superar. Junto con Piccolo, él es de los antiguos enemigos de Goku que ha evolucionando al pasar de ser un villano y antihéroe, a finalmente un héroe a lo largo del transcurso de la historia, convirtiéndose así en el deuteragonista de la serie.',3,NULL),(3,'Piccolo','https://res.cloudinary.com/dgtgbyo76/image/upload/v1699044481/u9fhpc9smihu2kud3cuc.webp','2.000.000','500.000.000','Namekian','Male','Z Fighter','Es un namekiano que surgió tras ser creado en los últimos momentos de vida de su padre, siendo su actual reencarnación. Aunque en un principio fue el archienemigo de Son Goku, con el paso del tiempo fue haciéndose menos malvado hasta finalmente convertirse en un ser bondadoso y miembro de los Guerreros Z. A través del tiempo, también comenzó a tomarle cariño a su discípulo Son Gohan, a quien veía como una especie de \"vástago\" y formando un lazo de amistad con este.',1,NULL),(4,'Bulma','https://res.cloudinary.com/dgtgbyo76/image/upload/v1699044496/bifhe9qarbrgvm0tsiru.webp','0','0','Human','Female','Z Fighter','Bulma es la protagonista femenina de la serie manga Dragon Ball y sus adaptaciones al anime Dragon Ball, Dragon Ball Z, Dragon Ball Super y Dragon Ball GT. Es hija del Dr. Brief y su esposa Panchy, hermana menor de Tights y una gran amiga de Son Goku con quien inicia la búsqueda de las Esferas del Dragón. En Dragon Ball Z tuvo a Trunks, primogénito de quien sería su esposo Vegeta, a su hija Bra[3] y su hijo adulto del tiempo alterno Trunks del Futuro Alternativo.',2,NULL),(5,'Freezer','https://res.cloudinary.com/dgtgbyo76/image/upload/v1699044513/ux3n5u0tjdvysjao4w8s.webp','530.000','52.71 Septillion','Frieza Race','Male','Army of Frieza','Freezer es el tirano espacial y el principal antagonista de la saga de Freezer.',4,NULL),(6,'Zarbon','https://res.cloudinary.com/dgtgbyo76/image/upload/v1699044531/jcdgte2shoaj2jh0ruob.webp','20.000','30.000','Frieza Race','Male','Army of Frieza','Zarbon es uno de los secuaces de Freezer y un luchador poderoso.',4,NULL),(7,'Dodoria','https://res.cloudinary.com/dgtgbyo76/image/upload/v1699044548/m2mixyphepp8qwcigb3g.webp','18.000','20.000','Frieza Race','Male','Army of Frieza','Dodoria es otro secuaz de Freezer conocido por su brutalidad.',4,NULL),(8,'Ginyu','https://res.cloudinary.com/dgtgbyo76/image/upload/v1699129673/dxsl3rjhrfmajo2gealz.webp','9.000','25.000','Frieza Race','Male','Army of Frieza','Ginyu es el líder del la élite de mercenarios de mayor prestigio del Ejército de Freeza, la cual lleva el nombre de Fuerzas Especiales Ginew en su honor[9].',4,NULL),(9,'Celula','https://res.cloudinary.com/dgtgbyo76/image/upload/v1699044573/mz09ghskyzf0skprredi.webp','250.000.000','5 Billion','Android','Male','Freelancer','Cell conocido como Célula en España, es un bioandroide creado por la computadora del Dr. Gero, quien vino del futuro de la línea 3 con la intención de vengarse de Goku por haber acabado con el Ejército del Listón Rojo, y con ello el sueño de todo villano: dominar el mundo. Es el antagonista principal del Arco de los Androides y Cell.',2,NULL),(10,'Gohan','https://res.cloudinary.com/dgtgbyo76/image/upload/v1699044627/kigekwjt2m8nwopgvabv.webp','45.000.000','40 septillion','Saiyan','Male','Z Fighter','Son Gohanda en su tiempo en España, o simplemente Gohan en Hispanoamérica, es uno de los personajes principales de los arcos argumentales de Dragon Ball Z, Dragon Ball Super y Dragon Ball GT. Es un mestizo entre saiyano y humano terrícola. Es el primer hijo de Son Goku y Chi-Chi, hermano mayor de Son Goten, esposo de Videl y padre de Pan.',2,NULL),(11,'Krillin','https://res.cloudinary.com/dgtgbyo76/image/upload/v1699046768/ay2b4ps6xc5i4uhcxoio.webp','1.000.000','1 Billion','Human','Male','Z Fighter','Amigo cercano de Goku y guerrero valiente, es un personaje del manga y anime de Dragon Ball. Es uno de los principales discípulos de Kame-Sen\'nin, Guerrero Z, y el mejor amigo de Son Goku. Es junto a Bulma uno de los personajes de apoyo principales de Dragon Ball, Dragon Ball Z y Dragon Ball Super. Aparece en Dragon Ball GT como personaje secundario. En el Arco de Majin Boo, se retira de las artes marciales, optando por formar una familia, como el esposo de la Androide Número 18 y el padre de Marron.',2,NULL),(12,'Tenshinhan','https://res.cloudinary.com/dgtgbyo76/image/upload/v1699046784/umcprk7ugb5q8cb9uhrh.webp','2.400.000','80.000.000','Human','Male','Z Fighter','Maestro de las artes marciales y miembro de los Z Fighters.  Es un personaje que aparece en el manga y en el anime de Dragon Ball, Dragon Ball Z, Dragon Ball GT y posteriormente en Dragon Ball Super.',2,NULL),(13,'Yamcha','https://res.cloudinary.com/dgtgbyo76/image/upload/v1699047468/euprvykftdyup1uw6z4p.webp','1.980.000','4.000.000','Human','Male','Z Fighter','Luchador que solía ser un bandido del desierto.',2,NULL),(14,'Chi-Chi','https://res.cloudinary.com/dgtgbyo76/image/upload/v1699046815/rizrttygnvfwv4gntrkw.webp','0','0','Human','Female','Z Fighter','Esposa de Goku y madre de Gohan. Es la princesa del Monte Fry-pan siendo la hija de la fallecida reina de esta montaña y el Rey Gyuma, ella terminaría conociendo a Son Goku cuando era tan solo una niña para años más tarde durante su adolescencia ser su esposa y convertirse en la estricta pero amorosa madre de Gohan y Goten.',2,NULL),(15,'Gotenks','https://res.cloudinary.com/dgtgbyo76/image/upload/v1699046837/sfc007ookoxjac1j0mkl.webp','65.600.000','34.8 Billion','Saiyan','Male','Z Fighter',' Gotenks también conocido inicialmente como Gotrunk en el doblaje al español de España, es el resultado de la Danza de la Fusión llevada a cabo correctamente por Goten y Trunks.',2,NULL),(16,'Trunks','https://res.cloudinary.com/dgtgbyo76/image/upload/v1699046959/qmzg7t9u7nhmsqlpt83o.webp','50.000.000','37.4 septllion','Saiyan','Male','Z Fighter','Hijo de Vegeta y Bulma. Es un mestizo entre humano terrícola y Saiyano nacido en la Tierra, e hijo de Bulma y Vegeta, el cual es introducido en el Arco de los Androides y Cell. Más tarde en su vida como joven, se termina convirtiendo en un luchador de artes marciales, el mejor amigo de Son Goten y en el hermano mayor de su hermana Bra.',2,NULL),(17,'Master Roshi','https://res.cloudinary.com/dgtgbyo76/image/upload/v1699046999/smcckhzeoa806ovrciti.webp','500.000','350.000.000','Human','Male','Z Fighter','Maestro de artes marciales y mentor de Goku. Conocido bajo el nombre de Muten Rosh, fue en su momento el terrícola más fuerte de la Tierra, y mucha gente lo recuerda como el \"Dios de las Artes Marciales\", pero antes de poder ostentar dicho título tuvo que trabajar y estudiar las artes marciales con su maestro Mutaito y su eterno rival Tsuru-Sen\'nin.',2,NULL),(18,'Bardock','https://res.cloudinary.com/dgtgbyo76/image/upload/v1699047021/yspsolmpraytim3uph9j.webp','450.000','180.000.000','Saiyan','Male','Z Fighter','Es un saiyano de clase baja proveniente del Planeta Vegeta del Universo 7. Pertenece al Ejército Saiyano, que está bajo el liderazgo del Rey Vegeta, y es jefe de su escuadrón durante la anexión del planeta por parte de las fuerzas coloniales del Imperio de Freeza. Él es el esposo de Gine y padre biológico de Kakarotto y Raditz.',3,NULL),(19,'Launch','https://res.cloudinary.com/dgtgbyo76/image/upload/v1699047046/jof8lbpjtggkbwiztiu0.webp','0','0','Human','Female','Z Fighter','Personaje que sufre cambios de personalidad al estornudar. Es uno de los personajes principales del manga Dragon Ball y su anime homónimo; Lunch es una chica que sufre de un trastorno de personalidad doble que a raíz de sus reacciones alérgicas provoca que ella cambie entre dos personalidades diferentes, ninguna de las personalidades recuerda lo que la otra hizo o dijo.',2,NULL),(20,'Mr. Satan','https://res.cloudinary.com/dgtgbyo76/image/upload/v1699047062/hp8536vd6pjafynvopoz.webp','450','5.000','Human','Male','Other','Luchador humano famoso por llevarse el mérito de las victorias de los Guerreros Z.',2,NULL),(21,'Dende','https://res.cloudinary.com/dgtgbyo76/image/upload/v1699047073/phdwjknztjgnq4qzeqzx.webp','3.200','3.200','Namekian','Male','Z Fighter','Sucesor de Piccolo como el nuevo Namekian protector de la Tierra. Es un pequeño namekiano, que vivía en el poblado de Moori, junto a su hermano Scargo y otros tantos de su especie. Es el hijo 108 del Gran Patriarca y posteriormente Dios de la Tierra, sustituyendo a Dios.',1,NULL),(22,'Android 17','https://res.cloudinary.com/dgtgbyo76/image/upload/v1699047086/vlinvxruepvmcovinyta.webp','320.000.000','40 Quintillion','Android','Male','Villain','Antes de ser secuestrado, es el hermano mellizo de la Androide Número 18, quien al igual que ella antes de ser Androide era un humano normal hasta que fueron secuestrados por el Dr. Gero, y es por eso que lo odian. Tras su cambio de humano a Androide, le insertaron un chip con el objetivo de destruir a Son Goku, quien en su juventud extermino al Ejército del Listón Rojo. Al considerarse defectuoso porque no quería ser \'esclavo de nadie\', el Dr. Gero les había colocado a ambos hermanos, un dispositivo de apagado para detenerlos en cualquier momento de desobediencia, pero cuando el científico los despierta, el rencor y rebeldía de 17 eran tal que se encargó de destruir el control que lo volvería a encerrar y acto seguido mató sin piedad a su propio creador. Su situación se le iría en contra, ya que Cell tenía como misión absorber a 17 y 18 para completar su desarrollo y convertirse en Cell Perfecto.',2,NULL),(23,'Android 16','https://res.cloudinary.com/dgtgbyo76/image/upload/v1699047111/swhio6vbgpe6lwzrklr8.webp','440.000.000','440.000.000','Android','Male','Villain','Android 16 es un androide gigante conocido por su amor a la naturaleza y la vida.',2,NULL),(24,'Android 19','https://res.cloudinary.com/dgtgbyo76/image/upload/v1699047395/yllazoe5ewir8murqusz.webp','122.000.000','160,000,000','Android','Male','Villain','Android 19 es uno de los androides creados por el Dr. Gero.',2,NULL),(25,'Android 20 (Dr. Gero)','https://res.cloudinary.com/dgtgbyo76/image/upload/v1699047433/qk0k8x3hyrhtvsica4gc.webp','128.000.000','158.100.000','Android','Male','Villain','Dr. Gero es el científico loco que creó a los androides 17, 18 y 19.',2,NULL),(26,'Android 13','https://res.cloudinary.com/dgtgbyo76/image/upload/v1699047480/tzkzeszlx2akrxkemmbi.webp','195.000.000','562.500.000','Android','Male','Villain','Android 13 es un androide peligroso que aparece en la película \"El Regreso de Cooler\".',2,NULL),(27,'Android 14','https://res.cloudinary.com/dgtgbyo76/image/upload/v1699047499/kjid2pwoh77rumwybtbj.webp','192.500.000','192.500.000','Android','Male','Villain','Android 14 es otro androide que aparece en la misma película que Android 13.',2,NULL),(28,'Android 15','https://res.cloudinary.com/dgtgbyo76/image/upload/v1699047513/ebkm7jrdrqcynnvyymlx.webp','175.000.000','175.000.000','Android','Male','Villain','Android 15 es otro androide que aparece en la misma película que Android 13.',2,NULL),(29,'Nail','https://res.cloudinary.com/dgtgbyo76/image/upload/v1699047533/cdj6qbbm1lj9u6c2jj3z.webp','42.000 ','42.000','Namekian','Male','Z Fighter','Es un Namekiano (habitante del planeta Namek), que se caracteriza por formar parte de los escasos miembros de la \"estirpe guerrera\", y ser el más poderoso entre ellos junto a Piccolo.',1,NULL),(30,'Raditz','https://res.cloudinary.com/dgtgbyo76/image/upload/v1699047547/sf7exd6mqkygybrxhycu.webp','1.500 ','1.500 ','Saiyan','Male','Army of Frieza','Es el hijo de Bardock y Gine, y hermano mayor de Son Goku. Él es uno de los pocos saiyanos que sobrevivieron a la destrucción del Planeta Vegeta, y formaba parte del equipo de Vegeta. Es el primer antagonista de Dragon Ball Z.',3,NULL),(31,'Babidi','https://res.cloudinary.com/dgtgbyo76/image/upload/v1699047579/vcrjfu9l893egxfmjvbe.webp','0','0','Majin','Male','Villain','Conocido también como Bóbidi o Bábidi, es un poderoso hechicero madoshi, \"hijo\" del gran mago Bibbidi, fundador de la familia Majin. La \"M\" que llevan ambos en el cinturón de sus atuendos al igual que la frente de aquellos que han sido poseídos para formar parte de la familia Majin.',16,NULL),(32,'Majin Buu','https://res.cloudinary.com/dgtgbyo76/image/upload/v1699047587/k7etji7ygsfujctowfwl.webp','8 Billion','100 Trillion','Majin','Male','Villain','También conocido como Boo original, es la forma original y pura de Majin-Boo, y la última forma de Boo que aparece en Dragon Ball Z.',2,NULL),(33,'Bills','https://res.cloudinary.com/dgtgbyo76/image/upload/v1699047606/pddxkrnjag1vkoaudmf6.webp','102 Billion','100 septillion','God','Male','Other','Dios de la Destrucción Beerus, conocido también como Beers, o Bills en Hispanoamérica e inicialmente en España[1], es un personaje que fue introducido en la película Dragon Ball Z: La batalla de los dioses, donde es el antagonista principal de la película, y que aparece en el manga y anime de Dragon Ball Super como un personaje principal. Ocupa el puesto de Dios de la Destrucción de todo el Universo 7 siendo el lugar donde se desarrolla la historia de Dragon Ball.',19,NULL),(34,'Whis','https://res.cloudinary.com/dgtgbyo76/image/upload/v1699047619/gffvgpfxwwqklot41xlh.webp','15 septillion','110 septillion','Angel','Male','Assistant of Beerus','Whis es uno de los hijos del Gran Sacerdote, hermano menor de Vados, Korn y Kus. Es el ángel guía encargado de asistir y servir como maestro al Dios de la Destrucción del Universo 7, Beerus.',19,NULL),(35,'Zeno','https://res.cloudinary.com/dgtgbyo76/image/upload/v1699047629/bmikekmvwebqlebcr1e2.webp','500 Septillion','500 Septillion','Unknown','Male','Other','Zeno es el ser supremo del multiverso y tiene un poder abrumador .El Rey de Todo, también conocido como Zen Oo (Zeno Sama en España y Zen Oo Sama en Hispanoamerica) y apodado por Son Goku como Todito (全ぜんちゃん, Zen-chan), es el gobernante y dios absoluto de todos los universos y el máximo soberano de todo lo existente en Dragon Ball.',24,NULL),(37,'Kibito-Shin','https://res.cloudinary.com/dgtgbyo76/image/upload/v1699047987/lj6goh5wc1hgchhk1h0x.webp','3.2 Billion','3.2 Billion','God','Male','Other','es la fusión entre Shin y Kibito. Ellos fueron unidos permanentemente mediante el uso de los míticos pendientes Pothala. Está actualmente separado gracias a un deseo concedido por las Esferas del Dragón namekianas.',21,NULL),(38,'Jiren','https://res.cloudinary.com/dgtgbyo76/image/upload/v1699048004/uvqld9szltsfkxht9sma.webp','121 Quintillion','12.1 Septillion','Jiren Race','Male','Pride Troopers','Jiren es un poderoso luchador del Universo 11 y uno de los oponentes más formidables en el torneo.',25,NULL),(39,'Toppo','https://res.cloudinary.com/dgtgbyo76/image/upload/v1699048019/pnflznxqbx9ix2aei4pn.webp','99 Quadrillion','7.5 Sextillion','God','Male','Pride Troopers','Toppo es el líder de las Tropas del Orgullo, guerreros de la justicia del Universo 11 que actúan como protectores de la paz y superhéroes del bien. Él ha sido entrenado por el ángel guía Marcarita, convirtiéndose así en un candidato como futuro Dios de la Destrucción en su universo.',25,NULL),(40,'Dyspo','https://res.cloudinary.com/dgtgbyo76/image/upload/v1699048034/kquxnkdxfkmnzkw0kiku.webp','50 Trillion','150 Quintillion','God','Male','Pride Troopers','Dyspo es uno de los miembros del Equipo Universo 11 como uno de los soldados más poderosos de las Tropas del Orgullo junto con Jiren y su líder Toppo.',25,NULL),(42,'Marcarita ','https://res.cloudinary.com/dgtgbyo76/image/upload/v1699048057/x2mldjzrnvwymvpavmud.webp','10 septillion','99.5 septillion','Angel','Female','Assistant of Vermoud','Marcarita es el ángel guía del Universo 11, sirviente y maestra de artes marciales del Dios de la Destrucción Vermoud. Es un personaje de la Arco de la Supervivencia Universal de Dragon Ball Super.',25,NULL),(43,'Vermoudh','https://res.cloudinary.com/dgtgbyo76/image/upload/v1699048136/woen6ahkou5lq2xbqwub.webp','9.9 Septillion','100 septillion','God','Male','Pride Troopers','Es el individuo que actualmente ostenta el cargo de Dios de la Destrucción en el Universo 11, puesto que obtuvo tras abandonar su membresía como Soldado del Orgullo dentro de las Tropas del Orgullo.',25,NULL),(44,'Grand Priest ','https://res.cloudinary.com/dgtgbyo76/image/upload/v1699048159/dnboockub6crwuohjpxd.webp','969 Googolplex','969 Googolplex','Angel','Male','Other','El Gran Sacerdote es el supervisor del torneo y uno de los seres más poderosos. Gran Ministro de los Omni-Reyes , es un ángel que actúa como asesor cercano y figura guía de Zenón y del Futuro Zenón . De vez en cuando hace cumplir los Decretos Divinos de los Zenos y da la bienvenida a los invitados a su palacio . El Gran Ministro es también padre de trece Ángeles, de los cuales doce sirven a los Dioses de la Destrucción . Por su posición y poder, es quizás el segundo ser más fuerte del Multiverso .',24,NULL),(63,'Kaio del norte (Kaito)','https://res.cloudinary.com/dgtgbyo76/image/upload/v1699048176/auwbxy8hoqswzbjorbiz.webp','6.000','6.000','Nucleico benigno','Male','Other','Se trata del dios encargado de administrar las Galaxias del Norte, el cuadrante boreal del Universo 7 y supervisar a los dioses de los planetas de dicho sector (como es el caso de Kami en la Tierra)',11,NULL),(64,'Android 18','https://res.cloudinary.com/dgtgbyo76/image/upload/v1699048190/hh933ct0csyx2qtiuwsx.webp','280,000,000','300,000,000','Android','Female','Z Fighter','Es la hermana melliza del Androide Número 17 y una \"androide\" creada a partir de una base humana por el Dr. Gero con el único fin de destruir a Goku.',2,NULL),(65,'Gogeta','https://res.cloudinary.com/dgtgbyo76/image/upload/v1699119614/libzmur95hr16pjahjav.png','250 Billion','15 septillion','Saiyan','Male','Z Fighter','Gogeta es la fusión resultante de Son Goku y Vegeta, cuando realizan la Danza de la Fusión correctamente para enfrentarse a Broly. Su voz es una voz dual que contiene las voces de Goku y Vegeta. Junto con el poder todopoderoso de los dos, con la astucia y perspicacia de Vegeta, y la habilidad pródiga de las artes marciales de Goku, es uno de los guerreros más temibles para desafiar a una pelea.',2,NULL),(66,'Vegetto','https://res.cloudinary.com/dgtgbyo76/image/upload/v1699120023/yz5qypdh6boeqjhua5fo.webp','180 Billion','10.8 Septillion','Saiyan','Male','Z Fighter','Vegetto es el personaje más fuerte dentro del manga original y uno de los personajes más poderosos de toda la serie en general. Su poder es el resultado del máximo poder combinado de Goku y Vegeta, multiplicado varias veces su fuerza, siendo una de las fusiones más poderosas dentro de la franquicia.',2,NULL),(67,'Janemba','https://res.cloudinary.com/dgtgbyo76/image/upload/v1699120840/rntwfwfbwbd6te4f5oo9.webp','15 Billion','75 Billion','Evil','Male','Other','Janemba es un demonio de pura maldad y gran poder maligno. Creado a partir de las acciones de un adolescente ogro llamado Psyche Oni, quien era el responsable de vigilar la máquina purificadora de almas, la cual explota como consecuencia de la falta de cuidado del ogro, las almas malignas terminan por usar como huésped su cuerpo, creando así a este demonio.',18,NULL),(68,'Broly','https://res.cloudinary.com/dgtgbyo76/image/upload/v1699121769/a4mz6kxcyvarieryehlq.webp','7 quadrillion','11.2 Septillion','Saiyan','Male','Other','Broly es un Saiyajin que posee un poder gigantesco e incontrolable, el cual se manifiesta en toda su magnitud cuando se convierte en el Super Saiyajin Legendario. Incluso cuando apenas era un bebé su nivel de poder alcanzaba cifras inmensas que provocaban asombro y preocupación entre los de su raza',3,NULL),(69,'Kaio del Sur','https://res.cloudinary.com/dgtgbyo76/image/upload/v1699137886/wyonuohgnixpe9c9eryj.webp','unknown','unknown','Nucleico benigno','Male','Other','El Kaio del Sur es la única referencia que tenemos de los otros dioses Kaiō en el manga, más allá del Kaiō Sama Norte ya que es el único Kaiō, junto con el Kaiō del Norte, en aparecer en el manga, y uno de los cuatro que aparecen en el anime, junto al Gran Kaio.',3,NULL),(70,'Kaio del este','https://res.cloudinary.com/dgtgbyo76/image/upload/v1699138039/qhcmmun8ruua1i2lknln.webp','unknown','unknown','Nucleico benigno','Female','Other','La Kaiō del Este es una Kaio que solo aparece en el anime. Le gustan los retos y de entrenar duramente a sus discípulos, que destacan por ser guerreros muy veloces, siendo el ejemplo más claro Chapuchai.',21,NULL),(71,'Kaio del Oeste','https://res.cloudinary.com/dgtgbyo76/image/upload/v1699138163/uohfph29ij52x5dq6tdf.webp','unknown','unknown','Nucleico benigno','Male','Other','El Kaiō del Oeste es el rival del Kaio del Norte. Y como dice su nombre, el controla la galaxia del Oeste.',21,NULL),(72,'Gran Kaio','https://res.cloudinary.com/dgtgbyo76/image/upload/v1699138362/s9x0ttwfbsnj1gxa3uvx.webp','unknown','unknown','Nucleico benigno','Male','Other','Gran Kaio es el Kaio de mayor importancia del Otro Mundo y es el Dios que se encarga de administrar a los demás Kaiō para que se ocupen de cuyos sectores de la Galaxia. Su apariencia es la de un anciano con una barba larga y muy canosa, remarcada por unas gafas oscuras que nunca se quita en la serie. Cuenta con su propio planeta, el Planeta del Gran Kaio, en el cual la gravedad es 10 veces mayor a la del planeta Tierra.',20,NULL),(73,'Kaio-shin del Este','https://res.cloudinary.com/dgtgbyo76/image/upload/v1699138797/gghhwu2xdxlau1ffx87b.webp','unknown','unknown','Nucleico','Male','Other','Es uno de los Kaio-shin, los dioses de la creación que se encargan de crear vida en todo el Universo 7 y protegerlo de amenazas supremas.\nAnteriormente solía hacerse cargo de proteger la zona este del universo, ya que después de la muerte de los otros Kaio-shin a manos de Majin-Boo, se convirtió en el Kaio-shin principal del Universo 7.',21,NULL),(74,'Kaio-shin del Norte','https://res.cloudinary.com/dgtgbyo76/image/upload/v1699139066/iuu3m3wqnhwtbqzce5bg.webp','unknown','unknown','Nucleico','Male','Other','El Kaiō-shin del Norte es otro de los Kaiō-shin que vivió junto a el resto de los Kaio-shin y Dai Kaio-shin hace 5 millones de años, y que luchó contra Majin Boo.',22,NULL),(75,'Kaio-shin del Sur','https://res.cloudinary.com/dgtgbyo76/image/upload/v1699139176/tads9xhz9ro7ko42spie.webp','unknown','unknown','Nucleico','Male','Other','El Kaio-shin del Sur fue el gobernante del cuadrante sur del universo y era el más poderoso entre los Kaio-shin.',22,NULL),(76,'Kaio-shin del Oeste','https://res.cloudinary.com/dgtgbyo76/image/upload/v1699139274/hcxz5pcptdevfud5mko0.webp','unknown','unknown','Nucleico benigno','Female','Other','La Kaiō-shin del Oeste es una Kaio-shin, que vivió junto a sus compañeros, fue la primera en morir en la terrible batalla librada contra Majin Boo hace 5 millones de años.',22,NULL),(77,'Gran Kaio-shin','https://res.cloudinary.com/dgtgbyo76/image/upload/v1699139385/souyebdax1eaeo6kihhv.webp','unknown','unknown','Nucleico benigno','Male','Other','El Gran Kaio-shin, conocido también como Sagrado Kaiosama en Hispanoamérica, era el Kaio-shin principal del Universo 7 y supervisor de los otros Kaio-shin del mismo universo.\nTras ser absorbido por Majin Boo, el Gran Kaio-shin del Universo 7 se convirtió en la faceta más dominante en Boo Gordo, aún viviendo actualmente dentro de su cuerpo a través de su espíritu.',21,NULL),(78,'Kibito','https://res.cloudinary.com/dgtgbyo76/image/upload/v1699139586/xjxctyovqfkwern9qcip.webp','unknown','unknown','Nucleico','Male','Other','Kibito es el ayudante y guardaespaldas del Kaio-shin del Este. Es un experto combatiente y con ciertos poderes curativos y mágicos como corresponde a su función. Su técnica más conocida es el Kai-Kai.',21,NULL);
/*!40000 ALTER TABLE `characters` ENABLE KEYS */;
UNLOCK TABLES;

--
-- Table structure for table `planets`
--

DROP TABLE IF EXISTS `planets`;
/*!40101 SET @saved_cs_client     = @@character_set_client */;
/*!50503 SET character_set_client = utf8mb4 */;
CREATE TABLE `planets` (
  `id` int NOT NULL AUTO_INCREMENT,
  `name` varchar(255) NOT NULL,
  `image` varchar(255) NOT NULL,
  `isDestroyed` tinyint NOT NULL,
  `description` text NOT NULL,
  `deletedAt` datetime(6) DEFAULT NULL,
  PRIMARY KEY (`id`),
  UNIQUE KEY `IDX_70a170f032a2ca04a6ec6eb2d9` (`name`)
) ENGINE=InnoDB AUTO_INCREMENT=26 DEFAULT CHARSET=utf8mb4 COLLATE=utf8mb4_0900_ai_ci;
/*!40101 SET character_set_client = @saved_cs_client */;

--
-- Dumping data for table `planets`
--

LOCK TABLES `planets` WRITE;
/*!40000 ALTER TABLE `planets` DISABLE KEYS */;
INSERT INTO `planets` VALUES (1,'Namek','https://res.cloudinary.com/dgtgbyo76/image/upload/v1699145134/wxedvvh8kiyw00psvphl.webp',1,'Planeta natal de los Namekianos. Escenario de importantes batallas y la obtención de las Dragon Balls de Namek.',NULL),(2,'Tierra','https://res.cloudinary.com/dgtgbyo76/image/upload/v1699145184/yq8zw7kk4fmhgyj4z0c7.webp',0,'La Tierra también llamado Mundo del Dragón (Dragon World), es el planeta principal donde se desarrolla la serie de Dragon Ball. Se encuentra en el Sistema Solar de la Vía Láctea de las Galaxias del Norte del Universo 7, lugar que supervisa el Kaio del Norte, y tiene su equivalente en el Universo 6. El hogar de los terrícolas y los Guerreros Z. Ha sido atacado en varias ocasiones por enemigos poderosos.',NULL),(3,'Vegeta','https://res.cloudinary.com/dgtgbyo76/image/upload/v1699145235/tuxongfmdhde18bhkvo3.webp',1,'El planeta Vegeta, conocido como planeta Plant antes del fin de la Guerra Saiyan-tsufruiana en el año 730, es un planeta rocoso ficticio de la serie de manga y anime Dragon Ball y localizado en la Vía Láctea de las Galaxias del Norte del Universo 7 hasta su destrucción a manos de Freezer en los años 737-739. Planeta natal de los Saiyans, destruido por Freezer. Anteriormente conocido como Planeta Plant.',NULL),(4,'Freezer No. 79','https://res.cloudinary.com/dgtgbyo76/image/upload/v1699145256/d1vystda6qykng2jgyl9.webp',1,'Planeta artificial utilizado por Freezer como base de operaciones y centro de clonación.',NULL),(5,'Kanassa','https://res.cloudinary.com/dgtgbyo76/image/upload/v1699145275/z3ilwrgtjs3ydzn7fnuz.webp',1,'Planeta habitado por los Kanassans y conocido por la lucha entre Bardock y los habitantes del planeta.',NULL),(6,'Monmar','https://res.cloudinary.com/dgtgbyo76/image/upload/v1699145287/aiqfvaq5c1ra0z7n6dj6.webp',0,'Planeta donde Gohan y Krillin encontraron las Dragon Balls para revivir a sus amigos durante la Saga de Namek.',NULL),(7,'Yardrat','https://res.cloudinary.com/dgtgbyo76/image/upload/v1699145308/lsmpf6d0maaxnxebwjae.webp',0,'Planeta de la técnica Instant Transmission, aprendida por Goku durante su estancia.',NULL),(11,'Kaiō del Norte','https://res.cloudinary.com/dgtgbyo76/image/upload/v1699145347/sptximzpi1kike83bpue.webp',0,'El Planeta Kaio se encuentra al final del largo Camino de la Serpiente. Es donde viven el Kaio del Norte, su mascota Bubbles, al que utiliza como parte de su entrenamiento, y Gregory.',NULL),(13,'Makyo','https://res.cloudinary.com/dgtgbyo76/image/upload/v1699145368/zjrixubdmmoxnx04nm5w.webp',0,'Makyo es un planeta y la fuente de alimentación de todos los malévolos, especialmente Garlic Jr., que solo aparece durante el Arco de Garlic Jr. de Dragon Ball Z.',NULL),(14,'Babari','https://res.cloudinary.com/dgtgbyo76/image/upload/v1699145390/iwm1l1j9v0s6cjthztcp.webp',0,'Planeta habitado por los Babari, es un planeta telúrico del Universo 10 donde residen los babarianos, hizo su primera aparición en el episodio 54 de Dragon Ball Super. Es donde Tarble, el hermano de Vegeta, se refugió.',NULL),(15,'Tsufur (Universo 6)','https://res.cloudinary.com/dgtgbyo76/image/upload/v1699145436/h5djj2mr0xii8ljq7d5b.webp',0,'Planeta natal de los Tsufur, la raza a la que pertenecía el Dr. Raichi.',NULL),(16,'Desconocido','https://res.cloudinary.com/dgtgbyo76/image/upload/v1699145640/arclw31gjcc1ct8kmmho.png',0,'Sin informacion',NULL),(18,'Otro Mundo','https://res.cloudinary.com/dgtgbyo76/image/upload/v1699146163/tn7auh3pfpbzs10i0ppa.webp',0,'El Otro Mundo en contraparte al Mundo de los vivos, es, en Dragon Ball, la versión del mundo de los muertos. Es donde los personajes van cuando mueren, y también donde residen las deidades superiores del universo. En el episodio 53 del anime, el Otro Mundo fue descrito como \"la dimensión siguiente\", y el acto de desear traer a la vida a una persona muerta con las Esferas del Dragón se llama \"traer (a ellos) a esta dimensión.',NULL),(19,'Planeta de Bills ','https://res.cloudinary.com/dgtgbyo76/image/upload/v1699146331/jgmkxichfmsbtd2hmkcd.webp',0,'Planeta de Bills un cuerpo celeste ubicado dentro del mundo de los vivos del Universo 7, el cual aparece por primera vez en la película Dragon Ball Z: La Batalla de los Dioses.',NULL),(20,'Planeta del Gran Kaio','https://res.cloudinary.com/dgtgbyo76/image/upload/v1699146413/yispjokzfxukeotntxof.webp',0,'El Planeta del Gran Kaio es donde se organiza el Torneo de Artes Marciales del Otro Mundo en honor a la muerte del Kaio del Norte (Kaito), donde participan guerreros poderosos.',NULL),(21,'Nucleo del Mundo','https://res.cloudinary.com/dgtgbyo76/image/upload/v1699145992/waomuzjcfz53ncny5sdo.webp',0,'El Núcleo del Mundo es el planeta nativo de toda la especie nucleica, del cual surgen los benévolos Kaio y Kaio-shin, así como los malévolos Makaio, Makaio-shin y Dioses Demoníacos en contrapartida.',NULL),(22,'Planeta sagrado','https://res.cloudinary.com/dgtgbyo76/image/upload/v1699146458/l9zvxxhxxeg1hjntexwx.webp',0,'El Planeta Sagrado es el planeta localizado en el Reino Kaio-shin donde residen los Kaio-shin del Universo 7. No debe ser confundido con el Núcleo del Mundo.El Reino de los Kaio-shin, en el cual se encuentra localizado el planeta, es un reino especial completamente separado en el macrocosmos del Universo 7, es decir, está separado del Otro Mundo, del Mundo de los vivos y del Reino Demoníaco Oscuro.',NULL),(23,'Nuevo Planeta Tsufrui','https://res.cloudinary.com/dgtgbyo76/image/upload/v1699146903/ttfkatsdjmahmhpmzrwv.webp',0,'El Nuevo Planeta Plant, también conocido como el Nuevo Planeta Tsufru, es el nombre que se le da al nuevo hogar de los Tsufruianos controlados por Vegeta Baby, ocasionado gracias al deseo concedido por medio de las Esferas del Dragón Definitivas de restaurar el Planeta Plant en la órbita de la Tierra.',NULL),(24,'Templo móvil del Rey de Todo','https://res.cloudinary.com/dgtgbyo76/image/upload/v1699142397/f2chnny1kxsvsrpl44y3.webp',0,'El templo móvil del Rey de Todo (sala del trono), es como su nombre lo indica, un templo móvil en el cual reside los tronos de los dos Reyes de Todo en el Lugar de Supervivencia en Dragon Ball Super.',NULL),(25,'Universo 11','https://res.cloudinary.com/dgtgbyo76/image/upload/v1699151376/bavjiwcztgoixsek1ym1.webp',0,'El Universo 11, es, como su nombre lo indica, el undécimo de los doce universos existentes actualmente en el mundo de Dragon Ball. Este es gemelo del Universo 2 y el lugar de origen de las Tropas del Orgullo.',NULL);
/*!40000 ALTER TABLE `planets` ENABLE KEYS */;
UNLOCK TABLES;

--
-- Table structure for table `transformations`
--

DROP TABLE IF EXISTS `transformations`;
/*!40101 SET @saved_cs_client     = @@character_set_client */;
/*!50503 SET character_set_client = utf8mb4 */;
CREATE TABLE `transformations` (
  `id` int NOT NULL AUTO_INCREMENT,
  `name` varchar(255) NOT NULL,
  `image` varchar(255) NOT NULL,
  `ki` varchar(255) NOT NULL,
  `characterId` int DEFAULT NULL,
  `deletedAt` datetime(6) DEFAULT NULL,
  PRIMARY KEY (`id`),
  KEY `FK_068112b73febc41f6659e2386f1` (`characterId`),
  CONSTRAINT `FK_068112b73febc41f6659e2386f1` FOREIGN KEY (`characterId`) REFERENCES `characters` (`id`)
) ENGINE=InnoDB AUTO_INCREMENT=45 DEFAULT CHARSET=utf8mb4 COLLATE=utf8mb4_0900_ai_ci;
/*!40101 SET character_set_client = @saved_cs_client */;

--
-- Dumping data for table `transformations`
--

LOCK TABLES `transformations` WRITE;
/*!40000 ALTER TABLE `transformations` DISABLE KEYS */;
INSERT INTO `transformations` VALUES (1,'Goku SSJ','https://res.cloudinary.com/dgtgbyo76/image/upload/v1699050838/x8vdjitiaygwbrbh3ps9.png','3 Billion',1,NULL),(2,'Goku SSJ2','https://res.cloudinary.com/dgtgbyo76/image/upload/v1699050861/b4engvubliyprwpgdzns.png','6 Billion',1,NULL),(3,'Goku SSJ3','https://res.cloudinary.com/dgtgbyo76/image/upload/v1699050875/kw8mf7q101rjjiir387d.png','24 Billion',1,NULL),(4,'Goku SSJ4','https://res.cloudinary.com/dgtgbyo76/image/upload/v1699050888/iugojj27qfragm7rgum4.jpg','2 Quadrillion',1,NULL),(5,'Goku SSJB','https://res.cloudinary.com/dgtgbyo76/image/upload/v1699050898/wfqyp1lornq8rpavfx04.png','9 Quintillion',1,NULL),(7,'Vegeta SSJ','https://res.cloudinary.com/dgtgbyo76/image/upload/v1699102175/dnbpmmovwjguohzx01lg.png','330.000.000',2,NULL),(8,'Vegeta SSJ2','https://res.cloudinary.com/dgtgbyo76/image/upload/v1699102306/n3fixdteu9txlu3dddmc.png','24 Billion',2,NULL),(9,'Vegeta SSJ4','https://res.cloudinary.com/dgtgbyo76/image/upload/v1699102363/cclvpjmuotw54t63xzgb.png','1.8 Trillion',2,NULL),(10,'Vegeta SSJB','https://res.cloudinary.com/dgtgbyo76/image/upload/v1699102458/ran2samfpy6eerykx7xb.png','100 Quintillion',2,NULL),(11,'Vegeta Mega Instinc Evil','https://res.cloudinary.com/dgtgbyo76/image/upload/v1699102556/tccogsakz8uwwpwz0otm.png','19.84 Septillion',2,NULL),(12,'Piccolo Super Namekian','https://res.cloudinary.com/dgtgbyo76/image/upload/v1699103067/yaqh8ucsnimqpcfvxxih.webp','2.175 Billion',3,NULL),(13,'Piccolo Orange','https://res.cloudinary.com/dgtgbyo76/image/upload/v1699103138/hjgmzwrquikst59vgl1h.png','41.25 Quintillion',3,NULL),(14,'Freezer 2nd Form','https://res.cloudinary.com/dgtgbyo76/image/upload/v1699103384/nmxb4cjfjo5rfosxkxji.png','1.060.000',5,NULL),(15,'Freezer 3rd Form','https://res.cloudinary.com/dgtgbyo76/image/upload/v1699103453/ff7gj92uqoaeixpcen5d.webp','2.120.000',5,NULL),(16,'Freezer Perfect Form','https://res.cloudinary.com/dgtgbyo76/image/upload/v1699103535/ml30m64bnrbvfrsd0ulo.png','60.000.000',5,NULL),(17,'Freezer Perfect Form (Golden)','https://res.cloudinary.com/dgtgbyo76/image/upload/v1699103644/lqyq2xsuxlw635ez09tr.png','100 Quintillion',5,NULL),(18,'Zarbon Monster','https://res.cloudinary.com/dgtgbyo76/image/upload/v1699115148/yqjsplbbeb2bq30cprbf.png','30.000',6,NULL),(19,'Imperfect Form','https://res.cloudinary.com/dgtgbyo76/image/upload/v1699115356/hdx9lnwyh1uoiohwzrye.png','370.000.000',9,NULL),(20,'Semi Perfect Form','https://res.cloudinary.com/dgtgbyo76/image/upload/v1699115417/ejtkaedhxk0tlxbvkwfa.webp','897.000.000',9,NULL),(21,'Super Perfect Form','https://res.cloudinary.com/dgtgbyo76/image/upload/v1699115577/amtizmras2gdswzw4pa6.png','10.970.000.000',9,NULL),(22,'Gohan SSJ','https://res.cloudinary.com/dgtgbyo76/image/upload/v1699115821/tqbqt5vqj30ce1ooiqsi.png','4.700.000.000',10,NULL),(23,'Gohan SSJ2','https://res.cloudinary.com/dgtgbyo76/image/upload/v1699115857/rllf9puo39dhhcxhh9e7.webp','10.200.000.000',10,NULL),(24,'Gohan Ultimate','https://res.cloudinary.com/dgtgbyo76/image/upload/v1699116154/zqcs85a5magvi9cjsvm6.webp','43.000.000.000',10,NULL),(25,'Gohan Beast','https://res.cloudinary.com/dgtgbyo76/image/upload/v1699116269/thotogohux1vogilpyas.png',' 25.6 Septillion',10,NULL),(26,'Trunks SSJ','https://res.cloudinary.com/dgtgbyo76/image/upload/v1699116809/ar639rlkzcqjmnlvmrq7.png','905.000.000',16,NULL),(27,'Trunks SSJ2','https://res.cloudinary.com/dgtgbyo76/image/upload/v1699116921/hbt3qrbu86zactkkfgm3.jpg','18.000.000.000',16,NULL),(28,'Trunks SSJ3','https://res.cloudinary.com/dgtgbyo76/image/upload/v1699117200/yswhfez5fdbteuyvghds.webp','1.25 Billion',16,NULL),(29,'Trunks Rage','https://res.cloudinary.com/dgtgbyo76/image/upload/v1699117449/pj6jix0qmbffmammeedo.png','17.5 Quintillion ',16,NULL),(30,'Gotenks SSJ','https://res.cloudinary.com/dgtgbyo76/image/upload/v1699117748/ejdwijlhlfc8mhvb0fpn.png','5.7 Billion',15,NULL),(31,'Gotenks SSJ3','https://res.cloudinary.com/dgtgbyo76/image/upload/v1699117802/iasvpxc7urinhfwriwfn.webp','45.6 Billion',15,NULL),(32,'Super Buu','https://res.cloudinary.com/dgtgbyo76/image/upload/v1699118823/dis9ipwwvohtfmy1peyu.webp','5.670.000.000',32,NULL),(33,'Majin Buu (Gotenks)','https://res.cloudinary.com/dgtgbyo76/image/upload/v1699118971/pimtawxtqt8wtml5t8wk.png','12.300.000.000',32,NULL),(34,'Majin Buu (Gohan)','https://res.cloudinary.com/dgtgbyo76/image/upload/v1699119043/ajvq0rfmeqh5fstmmq2q.webp','14.800.000.000',32,NULL),(35,'Majin Buu (Pure)','https://res.cloudinary.com/dgtgbyo76/image/upload/v1699119236/tqbwgmghi4ir47xltk3z.png','4.000.000.000',32,NULL),(36,'Gogeta SSJ','https://res.cloudinary.com/dgtgbyo76/image/upload/v1699119709/mevkuuaqnbwrm1beiorc.png','6.3 sextillion',65,NULL),(37,'Gogeta SSJ4','https://res.cloudinary.com/dgtgbyo76/image/upload/v1699119779/c6owx20373wbh3q9dynw.png','168 quadrillion',65,NULL),(38,'Gogeta SSJB','https://res.cloudinary.com/dgtgbyo76/image/upload/v1699119800/i4bebw9a4pw3yzk1rrmc.png','12.6 septillion',65,NULL),(39,'Gogeta SSJB Evolved','https://res.cloudinary.com/dgtgbyo76/image/upload/v1699119863/nc1bhpdpzspbd8yxnt97.png','1.26 octillion',65,NULL),(40,'Vegetto SSJ','https://res.cloudinary.com/dgtgbyo76/image/upload/v1699120073/wjpgltaxk350sl3lnxct.png','9 Trillion',66,NULL),(41,'Vegetto SSJB','https://res.cloudinary.com/dgtgbyo76/image/upload/v1699120135/z0gbiyenfmdemzf1vvxv.png','10.8 Septillion',66,NULL),(42,'Super Janemba','https://res.cloudinary.com/dgtgbyo76/image/upload/v1699120959/bo6n1qvcc1tzq2jyzyhq.webp','75 Billion',67,NULL),(43,'Broly SSJ Legendary','https://res.cloudinary.com/dgtgbyo76/image/upload/v1699121913/bwa20djt8ekpcydxm6lf.webp','11.2 Septillion',68,NULL),(44,'Goku Ultra Instinc','https://res.cloudinary.com/dgtgbyo76/image/upload/v1699123373/tmj6mkodjqbxlc6d3qfi.png','90 Septillion',1,NULL);
/*!40000 ALTER TABLE `transformations` ENABLE KEYS */;
UNLOCK TABLES;
/*!40103 SET TIME_ZONE=@OLD_TIME_ZONE */;

/*!40101 SET SQL_MODE=@OLD_SQL_MODE */;
/*!40014 SET FOREIGN_KEY_CHECKS=@OLD_FOREIGN_KEY_CHECKS */;
/*!40014 SET UNIQUE_CHECKS=@OLD_UNIQUE_CHECKS */;
/*!40101 SET CHARACTER_SET_CLIENT=@OLD_CHARACTER_SET_CLIENT */;
/*!40101 SET CHARACTER_SET_RESULTS=@OLD_CHARACTER_SET_RESULTS */;
/*!40101 SET COLLATION_CONNECTION=@OLD_COLLATION_CONNECTION */;
/*!40111 SET SQL_NOTES=@OLD_SQL_NOTES */;

-- Dump completed on 2023-11-05  4:25:51
